MET_MachineCycleID,MET_ExperimentNumber,MET_MaterialName,PROB_NOK,PRED_NOK,TRUE_NOK,PROB_SinkMarks,PRED_SinkMarks,TRUE_SinkMarks,PROB_SprueCircle,PRED_SprueCircle,TRUE_SprueCircle,PROB_StreaksLevel1,PRED_StreaksLevel1,TRUE_StreaksLevel1,PROB_StreaksLevel2,PRED_StreaksLevel2,TRUE_StreaksLevel2,PROB_StreaksLevel3,PRED_StreaksLevel3,TRUE_StreaksLevel3,PROB_Underfilled,PRED_Underfilled,TRUE_Underfilled,PRED_ANY_DEFECT
18535,A16,PP,0.01,0,1,0.026,0,1,0.191,0,0,0.001,0,0,0.009,0,0,0.018,0,0,0.026,0,0,0
18536,A16,PP,0.017,0,1,0.082,0,1,0.163,0,0,0.004,0,0,0.009,0,0,0.006,0,0,0.027,0,0,0
18537,A16,PP,0.018,0,1,0.107,0,1,0.229,0,0,0.003,0,0,0.01,0,0,0.053,0,0,0.027,0,0,0
18538,A16,PP,0.016,0,1,0.076,0,1,0.279,0,0,0.002,0,0,0.01,0,0,0.006,0,0,0.021,0,0,0
18539,A16,PP,0.012,0,1,0.037,0,1,0.284,0,0,0.002,0,0,0.01,0,0,0.005,0,0,0.021,0,0,0
18540,A16,PP,0.012,0,1,0.037,0,1,0.27,0,0,0.002,0,0,0.01,0,0,0.006,0,0,0.027,0,0,0
18541,A16,PP,0.013,0,1,0.075,0,1,0.292,0,0,0.035,1,0,0.009,0,0,0.019,0,0,0.027,0,0,1
18542,A16,PP,0.016,0,1,0.116,0,1,0.312,0,0,0.004,0,0,0.01,0,0,0.013,0,0,0.021,0,0,0
18543,A16,PP,0.013,0,1,0.074,0,1,0.339,0,0,0.001,0,0,0.01,0,0,0.018,0,0,0.022,0,0,0
18544,A16,PP,0.011,0,1,0.037,0,1,0.338,0,0,0.003,0,0,0.01,0,0,0.006,0,0,0.026,0,0,0
18545,A16,PP,0.028,0,1,0.139,0,1,0.26,0,0,0.001,0,0,0.01,0,0,0.006,0,0,0.021,0,0,0
18556,A15,PP,0.087,0,0,0.005,0,0,0.003,0,0,0.002,0,0,0.005,0,0,0.022,0,0,0.005,0,0,0
18557,A15,PP,0.255,0,0,0.028,0,0,0.003,0,0,0.002,0,0,0.002,0,0,0.02,0,0,0.006,0,0,0
18558,A15,PP,0.145,0,0,0.012,0,0,0.003,0,0,0.002,0,0,0.002,0,0,0.023,0,0,0.006,0,0,0
18559,A15,PP,0.082,0,0,0.005,0,0,0.004,0,0,0.002,0,0,0.002,0,0,0.034,0,0,0.005,0,0,0
18560,A15,PP,0.147,0,0,0.014,0,0,0.003,0,0,0.002,0,0,0.002,0,0,0.029,0,0,0.005,0,0,0
18561,A15,PP,0.094,0,0,0.007,0,0,0.004,0,0,0.003,0,0,0.002,0,0,0.042,0,0,0.005,0,0,0
18562,A15,PP,0.108,0,0,0.01,0,0,0.003,0,0,0.008,0,0,0.002,0,0,0.045,0,0,0.005,0,0,0
18563,A15,PP,0.156,0,0,0.014,0,0,0.003,0,0,0.002,0,0,0.002,0,0,0.036,0,0,0.005,0,0,0
18564,A15,PP,0.01,0,0,0.005,0,0,0.004,0,0,0.002,0,0,0.002,0,0,0.036,0,0,0.006,0,0,0
18565,A15,PP,0.011,0,0,0.006,0,0,0.003,0,0,0.002,0,0,0.002,0,0,0.039,0,0,0.006,0,0,0
18566,A15,PP,0.13,0,0,0.01,0,0,0.003,0,0,0.005,0,0,0.002,0,0,0.039,0,0,0.005,0,0,0
18567,A15,PP,0.095,0,0,0.005,0,0,0.003,0,0,0.002,0,0,0.002,0,0,0.032,0,0,0.005,0,0,0
18568,A15,PP,0.01,0,0,0.008,0,0,0.003,0,0,0.002,0,0,0.002,0,0,0.037,0,0,0.005,0,0,0
18596,A14,PP,0.885,1,1,0.885,1,1,0.071,0,0,0.012,0,0,0.005,0,0,0.026,0,0,0.974,1,1,1
18597,A14,PP,0.981,1,1,0.981,1,1,0.056,0,0,0.007,0,0,0.005,0,0,0.305,0,0,0.973,1,1,1
18598,A14,PP,0.952,1,1,0.952,1,1,0.055,0,0,0.007,0,0,0.005,0,0,0.024,0,0,0.97,1,1,1
18599,A14,PP,0.904,1,1,0.904,1,1,0.11,0,0,0.008,0,0,0.004,0,0,0.381,0,0,0.974,1,1,1
18600,A14,PP,0.965,1,1,0.965,1,1,0.11,0,0,0.007,0,0,0.005,0,0,0.024,0,0,0.973,1,1,1
18601,A14,PP,0.868,1,1,0.868,1,1,0.101,0,0,0.016,0,0,0.005,0,0,0.026,0,0,0.97,1,1,1
18602,A14,PP,0.886,1,1,0.886,1,1,0.066,0,0,0.009,0,0,0.005,0,0,0.4,0,0,0.974,1,1,1
18603,A14,PP,0.883,1,1,0.883,1,1,0.094,0,0,0.003,0,0,0.004,0,0,0.024,0,0,0.973,1,1,1
18604,A14,PP,0.972,1,1,0.972,1,1,0.113,0,0,0.008,0,0,0.005,0,0,0.381,0,0,0.975,1,1,1
18605,A14,PP,0.975,1,1,0.975,1,1,0.129,0,0,0.014,0,0,0.005,0,0,0.026,0,0,0.985,1,1,1
18606,A14,PP,0.707,0,1,0.707,1,1,0.113,0,0,0.011,0,0,0.004,0,0,0.15,0,0,0.973,1,1,1
18607,A14,PP,0.986,1,1,0.986,1,1,0.132,0,0,0.008,0,0,0.004,0,0,0.019,0,0,0.977,1,1,1
18613,A13,PP,0.004,0,0,0.006,0,0,0.223,0,0,0.001,0,0,0.014,0,0,0.031,0,0,0.026,0,0,0
18614,A13,PP,0.007,0,0,0.011,0,0,0.211,0,0,0.002,0,0,0.014,0,0,0.016,0,0,0.026,0,0,0
18615,A13,PP,0.003,0,0,0.005,0,0,0.207,0,0,0.002,0,0,0.012,0,0,0.031,0,0,0.027,0,0,0
18616,A13,PP,0.01,0,0,0.011,0,0,0.133,0,0,0.001,0,0,0.014,0,0,0.041,0,0,0.027,0,0,0
18617,A13,PP,0.003,0,0,0.004,0,0,0.204,0,0,0.002,0,0,0.018,0,0,0.019,0,0,0.026,0,0,0
18618,A13,PP,0.005,0,0,0.012,0,0,0.225,0,0,0.002,0,0,0.011,0,0,0.014,0,0,0.026,0,0,0
18619,A13,PP,0.005,0,0,0.016,0,0,0.18,0,0,0.001,0,0,0.011,0,0,0.014,0,0,0.026,0,0,0
18620,A13,PP,0.004,0,0,0.006,0,0,0.218,0,0,0.002,0,0,0.012,0,0,0.014,0,0,0.027,0,0,0
18621,A13,PP,0.004,0,0,0.006,0,0,0.2,0,0,0.001,0,0,0.012,0,0,0.015,0,0,0.026,0,0,0
18622,A13,PP,0.005,0,0,0.016,0,0,0.223,0,0,0.001,0,0,0.01,0,0,0.032,0,0,0.027,0,0,0
18623,A13,PP,0.005,0,0,0.017,0,0,0.137,0,0,0.001,0,0,0.011,0,0,0.013,0,0,0.026,0,0,0
18624,A13,PP,0.003,0,0,0.005,0,0,0.154,0,0,0.001,0,0,0.014,0,0,0.014,0,0,0.026,0,0,0
18663,A09,PP,0.003,0,0,0.003,0,0,0.319,0,0,0.002,0,0,0.003,0,0,0.002,0,0,0.008,0,0,0
18664,A09,PP,0.004,0,0,0.004,0,0,0.307,0,0,0.003,0,0,0.003,0,0,0.002,0,0,0.007,0,0,0
18665,A09,PP,0.013,0,0,0.013,0,0,0.293,0,0,0.003,0,0,0.001,0,0,0.002,0,0,0.009,0,0,0
18666,A09,PP,0.004,0,0,0.004,0,0,0.322,0,0,0.002,0,0,0.003,0,0,0.002,0,0,0.008,0,0,0
18667,A09,PP,0.004,0,0,0.004,0,0,0.282,0,0,0.003,0,0,0.002,0,0,0.002,0,0,0.008,0,0,0
18668,A09,PP,0.004,0,0,0.004,0,0,0.29,0,0,0.003,0,0,0.001,0,0,0.002,0,0,0.008,0,0,0
18669,A09,PP,0.004,0,0,0.004,0,0,0.373,0,0,0.003,0,0,0.001,0,0,0.002,0,0,0.008,0,0,0
18670,A09,PP,0.003,0,0,0.003,0,0,0.284,0,0,0.002,0,0,0.003,0,0,0.002,0,0,0.008,0,0,0
18671,A09,PP,0.038,0,0,0.038,0,0,0.284,0,0,0.002,0,0,0.002,0,0,0.002,0,0,0.008,0,0,0
18672,A09,PP,0.004,0,0,0.004,0,0,0.308,0,0,0.003,0,0,0.002,0,0,0.002,0,0,0.008,0,0,0
18673,A09,PP,0.004,0,0,0.004,0,0,0.289,0,0,0.002,0,0,0.003,0,0,0.002,0,0,0.008,0,0,0
18674,A09,PP,0.003,0,0,0.003,0,0,0.316,0,0,0.003,0,0,0.003,0,0,0.002,0,0,0.008,0,0,0
18687,A10,PP,0.995,1,1,0.995,1,1,0.06,0,0,0.002,0,0,0.001,0,0,0.003,0,0,0.993,1,1,1
18688,A10,PP,0.995,1,1,0.996,1,1,0.05,0,0,0.002,0,0,0.001,0,0,0.002,0,0,0.996,1,1,1
18689,A10,PP,0.994,1,1,0.993,1,1,0.053,0,0,0.002,0,0,0.002,0,0,0.002,0,0,0.992,1,1,1
18690,A10,PP,0.994,1,1,0.996,1,1,0.049,0,0,0.002,0,0,0.001,0,0,0.002,0,0,0.988,1,1,1
18691,A10,PP,0.994,1,1,0.994,1,1,0.06,0,0,0.003,0,0,0.001,0,0,0.002,0,0,0.994,1,1,1
18692,A10,PP,0.994,1,1,0.995,1,1,0.068,0,0,0.003,0,0,0.001,0,0,0.002,0,0,0.995,1,1,1
18693,A10,PP,0.994,1,1,0.996,1,1,0.059,0,0,0.002,0,0,0.001,0,0,0.002,0,0,0.997,1,1,1
18694,A10,PP,0.994,1,1,0.995,1,1,0.066,0,0,0.002,0,0,0.002,0,0,0.003,0,0,0.993,1,1,1
18695,A10,PP,0.995,1,1,0.996,1,1,0.065,0,0,0.003,0,0,0.001,0,0,0.002,0,0,0.994,1,1,1
18696,A10,PP,0.995,1,1,0.995,1,1,0.055,0,0,0.002,0,0,0.001,0,0,0.002,0,0,0.996,1,1,1
18697,A10,PP,0.995,1,1,0.995,1,1,0.051,0,0,0.003,0,0,0.001,0,0,0.002,0,0,0.993,1,1,1
18698,A10,PP,0.966,1,1,0.875,1,1,0.068,0,0,0.002,0,0,0.001,0,0,0.003,0,0,0.997,1,1,1
18715,A12,PP,0.266,0,1,0.463,1,1,0.857,0,0,0.002,0,0,0.002,0,0,0.002,0,0,0.018,0,0,1
18716,A12,PP,0.966,1,1,0.972,1,1,0.853,0,0,0.003,0,0,0.002,0,0,0.002,0,0,0.017,0,0,1
18717,A12,PP,0.638,0,1,0.664,1,1,0.853,0,0,0.002,0,0,0.002,0,0,0.002,0,0,0.026,0,0,1
18718,A12,PP,0.635,0,1,0.637,1,1,0.855,0,0,0.002,0,0,0.002,0,0,0.002,0,0,0.018,0,0,1
18719,A12,PP,0.242,0,1,0.526,1,1,0.853,0,0,0.003,0,0,0.002,0,0,0.002,0,0,0.016,0,0,1
18720,A12,PP,0.621,0,1,0.705,1,1,0.86,0,0,0.002,0,0,0.001,0,0,0.002,0,0,0.027,0,0,1
18721,A12,PP,0.949,1,1,0.922,1,1,0.853,0,0,0.003,0,0,0.002,0,0,0.002,0,0,0.027,0,0,1
18722,A12,PP,0.995,1,1,0.994,1,1,0.853,0,0,0.002,0,0,0.002,0,0,0.002,0,0,0.018,0,0,1
18723,A12,PP,0.984,1,1,0.984,1,1,0.853,0,0,0.002,0,0,0.002,0,0,0.002,0,0,0.024,0,0,1
18724,A12,PP,0.253,0,1,0.513,1,1,0.855,0,0,0.002,0,0,0.002,0,0,0.002,0,0,0.016,0,0,1
18725,A12,PP,0.988,1,1,0.979,1,1,0.855,0,0,0.003,0,0,0.002,0,0,0.002,0,0,0.026,0,0,1
18726,A12,PP,0.582,0,1,0.597,1,1,0.856,0,0,0.002,0,0,0.002,0,0,0.002,0,0,0.017,0,0,1
18732,A11,PP,0.012,0,0,0.007,0,0,0.11,0,0,0.004,0,0,0.004,0,0,0.002,0,0,0.007,0,0,0
18733,A11,PP,0.01,0,0,0.007,0,0,0.067,0,0,0.002,0,0,0.004,0,0,0.002,0,0,0.007,0,0,0
18734,A11,PP,0.008,0,0,0.006,0,0,0.077,0,0,0.004,0,0,0.004,0,0,0.002,0,0,0.007,0,0,0
18735,A11,PP,0.012,0,0,0.009,0,0,0.07,0,0,0.004,0,0,0.003,0,0,0.002,0,0,0.007,0,0,0
18736,A11,PP,0.007,0,0,0.006,0,0,0.162,0,0,0.004,0,0,0.004,0,0,0.002,0,0,0.008,0,0,0
18737,A11,PP,0.008,0,0,0.006,0,0,0.122,0,0,0.002,0,0,0.003,0,0,0.002,0,0,0.007,0,0,0
18738,A11,PP,0.005,0,0,0.006,0,0,0.114,0,0,0.002,0,0,0.003,0,0,0.002,0,0,0.007,0,0,0
18739,A11,PP,0.008,0,0,0.016,0,0,0.11,0,0,0.004,0,0,0.004,0,0,0.002,0,0,0.007,0,0,0
18740,A11,PP,0.008,0,0,0.006,0,0,0.157,0,0,0.002,0,0,0.003,0,0,0.002,0,0,0.007,0,0,0
18741,A11,PP,0.005,0,0,0.005,0,0,0.139,0,0,0.004,0,0,0.004,0,0,0.002,0,0,0.007,0,0,0
18742,A11,PP,0.007,0,0,0.006,0,0,0.129,0,0,0.004,0,0,0.004,0,0,0.002,0,0,0.007,0,0,0
18743,A11,PP,0.004,0,0,0.004,0,0,0.064,0,0,0.004,0,0,0.005,0,0,0.002,0,0,0.007,0,0,0
18784,Z01,PP,0.005,0,0,0.012,0,0,0.005,0,1,0.016,0,0,0.01,0,0,0.007,0,0,0.005,0,0,0
18785,Z01,PP,0.004,0,0,0.005,0,0,0.004,0,1,0.021,0,0,0.011,0,0,0.006,0,0,0.005,0,0,0
18786,Z01,PP,0.007,0,0,0.013,0,0,0.004,0,1,0.012,0,0,0.01,0,0,0.005,0,0,0.006,0,0,0
18787,Z01,PP,0.004,0,0,0.005,0,0,0.004,0,1,0.005,0,0,0.011,0,0,0.005,0,0,0.005,0,0,0
18788,Z01,PP,0.004,0,0,0.005,0,0,0.004,0,1,0.012,0,0,0.011,0,0,0.005,0,0,0.005,0,0,0
18789,Z01,PP,0.004,0,0,0.005,0,0,0.005,0,1,0.014,0,0,0.011,0,0,0.005,0,0,0.005,0,0,0
18790,Z01,PP,0.004,0,0,0.005,0,0,0.005,0,1,0.004,0,0,0.011,0,0,0.005,0,0,0.005,0,0,0
18791,Z01,PP,0.004,0,0,0.005,0,0,0.004,0,1,0.014,0,0,0.012,0,0,0.005,0,0,0.005,0,0,0
18792,Z01,PP,0.004,0,0,0.005,0,0,0.006,0,1,0.018,0,0,0.009,0,0,0.005,0,0,0.006,0,0,0
18793,Z01,PP,0.004,0,0,0.005,0,0,0.005,0,1,0.024,0,0,0.008,0,0,0.006,0,0,0.005,0,0,0
18794,Z01,PP,0.004,0,0,0.005,0,0,0.007,0,1,0.017,0,0,0.009,0,0,0.004,0,0,0.006,0,0,0
18795,Z01,PP,0.005,0,0,0.008,0,0,0.007,0,1,0.017,0,0,0.009,0,0,0.005,0,0,0.006,0,0,0
18814,A01,PP,0.043,0,0,0.183,0,0,0.989,1,1,0.003,0,0,0.002,0,0,0.003,0,0,0.005,0,0,1
18815,A01,PP,0.051,0,0,0.162,0,0,0.989,1,1,0.002,0,0,0.006,0,0,0.002,0,0,0.005,0,0,1
18816,A01,PP,0.038,0,0,0.151,0,0,0.985,1,1,0.004,0,0,0.006,0,0,0.003,0,0,0.005,0,0,1
18817,A01,PP,0.043,0,0,0.164,0,0,0.997,1,1,0.005,0,0,0.002,0,0,0.003,0,0,0.005,0,0,1
18818,A01,PP,0.043,0,0,0.144,0,0,0.995,1,1,0.003,0,0,0.002,0,0,0.003,0,0,0.006,0,0,1
18819,A01,PP,0.036,0,0,0.105,0,0,0.994,1,1,0.002,0,0,0.001,0,0,0.003,0,0,0.007,0,0,1
18820,A01,PP,0.062,0,0,0.179,0,0,0.994,1,1,0.002,0,0,0.001,0,0,0.004,0,0,0.007,0,0,1
18821,A01,PP,0.184,0,0,0.424,1,0,0.993,1,1,0.002,0,0,0.001,0,0,0.003,0,0,0.008,0,0,1
18822,A01,PP,0.295,0,0,0.62,1,0,0.993,1,1,0.002,0,0,0.001,0,0,0.003,0,0,0.008,0,0,1
18823,A01,PP,0.328,0,0,0.631,1,0,0.994,1,1,0.002,0,0,0.001,0,0,0.002,0,0,0.009,0,0,1
18824,A01,PP,0.566,0,0,0.804,1,0,0.993,1,1,0.002,0,0,0.001,0,0,0.002,0,0,0.009,0,0,1
18825,A01,PP,0.48,0,0,0.853,1,0,0.992,1,1,0.002,0,0,0.001,0,0,0.002,0,0,0.019,0,0,1
18846,A02,PP,0.998,1,1,0.996,1,1,0.986,1,1,0.002,0,0,0.001,0,0,0.004,0,0,0.899,1,1,1
18847,A02,PP,0.6,0,1,0.412,1,1,0.988,1,1,0.002,0,0,0.001,0,0,0.002,0,0,0.899,1,1,1
18848,A02,PP,0.998,1,1,0.997,1,1,0.985,1,1,0.002,0,0,0.001,0,0,0.002,0,0,0.867,0,1,1
18849,A02,PP,0.998,1,1,0.996,1,1,0.986,1,1,0.002,0,0,0.001,0,0,0.005,0,0,0.909,1,1,1
18850,A02,PP,0.999,1,1,0.997,1,1,0.987,1,1,0.002,0,0,0.001,0,0,0.002,0,0,0.896,1,1,1
18851,A02,PP,0.999,1,1,0.997,1,1,0.986,1,1,0.002,0,0,0.001,0,0,0.002,0,0,0.911,1,1,1
18852,A02,PP,0.998,1,1,0.996,1,1,0.986,1,1,0.004,0,0,0.001,0,0,0.004,0,0,0.935,1,1,1
18853,A02,PP,0.998,1,1,0.997,1,1,0.985,1,1,0.002,0,0,0.001,0,0,0.002,0,0,0.897,1,1,1
18854,A02,PP,0.998,1,1,0.996,1,1,0.985,1,1,0.002,0,0,0.001,0,0,0.002,0,0,0.889,1,1,1
18855,A02,PP,0.999,1,1,0.997,1,1,0.988,1,1,0.002,0,0,0.001,0,0,0.002,0,0,0.906,1,1,1
18856,A02,PP,0.999,1,1,0.997,1,1,0.986,1,1,0.003,0,0,0.001,0,0,0.002,0,0,0.934,1,1,1
18857,A02,PP,0.993,1,1,0.935,1,1,0.985,1,1,0.004,0,0,0.001,0,0,0.003,0,0,0.913,1,1,1
18877,A03,PP,0.117,0,0,0.009,0,0,0.075,0,1,0.002,0,0,0.001,0,0,0.002,0,0,0.004,0,0,0
18878,A03,PP,0.026,0,0,0.004,0,0,0.106,0,1,0.002,0,0,0.001,0,0,0.002,0,0,0.004,0,0,0
18879,A03,PP,0.029,0,0,0.003,0,0,0.12,0,1,0.002,0,0,0.005,0,0,0.002,0,0,0.004,0,0,0
18880,A03,PP,0.032,0,0,0.004,0,0,0.117,0,1,0.003,0,0,0.006,0,0,0.002,0,0,0.004,0,0,0
18881,A03,PP,0.054,0,0,0.007,0,0,0.118,0,1,0.002,0,0,0.006,0,0,0.002,0,0,0.004,0,0,0
18882,A03,PP,0.009,0,0,0.004,0,0,0.117,0,1,0.002,0,0,0.004,0,0,0.002,0,0,0.004,0,0,0
18883,A03,PP,0.105,0,0,0.009,0,0,0.104,0,1,0.003,0,0,0.004,0,0,0.003,0,0,0.004,0,0,0
18884,A03,PP,0.022,0,0,0.003,0,0,0.12,0,1,0.004,0,0,0.007,0,0,0.002,0,0,0.004,0,0,0
18885,A03,PP,0.03,0,0,0.006,0,0,0.12,0,1,0.003,0,0,0.002,0,0,0.002,0,0,0.004,0,0,0
18886,A03,PP,0.049,0,0,0.007,0,0,0.12,0,1,0.002,0,0,0.006,0,0,0.002,0,0,0.004,0,0,0
18887,A03,PP,0.031,0,0,0.005,0,0,0.12,0,1,0.003,0,0,0.007,0,0,0.002,0,0,0.004,0,0,0
18888,A03,PP,0.047,0,0,0.007,0,0,0.12,0,1,0.002,0,0,0.003,0,0,0.002,0,0,0.004,0,0,0
18894,A04,PP,0.992,1,1,0.994,1,1,0.871,1,1,0.002,0,0,0.003,0,0,0.002,0,0,0.869,0,0,1
18895,A04,PP,0.992,1,1,0.994,1,1,0.868,1,1,0.002,0,0,0.003,0,0,0.002,0,0,0.869,0,0,1
18896,A04,PP,0.993,1,1,0.994,1,1,0.878,1,1,0.002,0,0,0.003,0,0,0.002,0,0,0.016,0,0,1
18897,A04,PP,0.992,1,1,0.994,1,1,0.884,1,1,0.002,0,0,0.003,0,0,0.002,0,0,0.017,0,0,1
18898,A04,PP,0.992,1,1,0.994,1,1,0.886,1,1,0.002,0,0,0.004,0,0,0.002,0,0,0.857,0,0,1
18899,A04,PP,0.993,1,1,0.994,1,1,0.888,1,1,0.002,0,0,0.003,0,0,0.002,0,0,0.86,0,0,1
18900,A04,PP,0.992,1,1,0.992,1,1,0.884,1,1,0.002,0,0,0.003,0,0,0.002,0,0,0.019,0,0,1
18901,A04,PP,0.99,1,1,0.994,1,1,0.883,1,1,0.002,0,0,0.003,0,0,0.002,0,0,0.846,0,0,1
18902,A04,PP,0.991,1,1,0.994,1,1,0.87,1,1,0.002,0,0,0.003,0,0,0.002,0,0,0.846,0,0,1
18903,A04,PP,0.991,1,1,0.992,1,1,0.873,1,1,0.002,0,0,0.003,0,0,0.002,0,0,0.861,0,0,1
18904,A04,PP,0.991,1,1,0.99,1,1,0.902,1,1,0.002,0,0,0.004,0,0,0.002,0,0,0.885,0,0,1
18905,A04,PP,0.991,1,1,0.99,1,1,0.902,1,1,0.002,0,0,0.004,0,0,0.002,0,0,0.855,0,0,1
18926,A08,PP,0.986,1,1,0.993,1,1,0.267,0,0,0.003,0,0,0.004,0,0,0.003,0,0,0.009,0,0,1
18927,A08,PP,0.975,1,1,0.987,1,1,0.162,0,0,0.003,0,0,0.004,0,0,0.003,0,0,0.009,0,0,1
18928,A08,PP,0.987,1,1,0.993,1,1,0.313,0,0,0.001,0,0,0.004,0,0,0.003,0,0,0.011,0,0,1
18929,A08,PP,0.987,1,1,0.993,1,1,0.115,0,0,0.001,0,0,0.004,0,0,0.003,0,0,0.009,0,0,1
18930,A08,PP,0.961,1,1,0.91,1,1,0.336,0,0,0.002,0,0,0.004,0,0,0.003,0,0,0.009,0,0,1
18931,A08,PP,0.984,1,1,0.991,1,1,0.482,0,0,0.002,0,0,0.004,0,0,0.003,0,0,0.009,0,0,1
18932,A08,PP,0.987,1,1,0.993,1,1,0.117,0,0,0.001,0,0,0.004,0,0,0.003,0,0,0.01,0,0,1
18933,A08,PP,0.984,1,1,0.991,1,1,0.291,0,0,0.002,0,0,0.004,0,0,0.003,0,0,0.01,0,0,1
18934,A08,PP,0.986,1,1,0.991,1,1,0.313,0,0,0.002,0,0,0.004,0,0,0.003,0,0,0.009,0,0,1
18935,A08,PP,0.986,1,1,0.993,1,1,0.313,0,0,0.003,0,0,0.004,0,0,0.003,0,0,0.009,0,0,1
18936,A08,PP,0.986,1,1,0.991,1,1,0.339,0,0,0.002,0,0,0.004,0,0,0.003,0,0,0.009,0,0,1
18937,A08,PP,0.987,1,1,0.991,1,1,0.114,0,0,0.002,0,0,0.003,0,0,0.003,0,0,0.009,0,0,1
18943,A07,PP,0.004,0,0,0.003,0,0,0.007,0,0,0.002,0,0,0.003,0,0,0.021,0,0,0.006,0,0,0
18944,A07,PP,0.003,0,0,0.002,0,0,0.008,0,0,0.002,0,0,0.003,0,0,0.028,0,0,0.006,0,0,0
18945,A07,PP,0.003,0,0,0.002,0,0,0.006,0,0,0.002,0,0,0.004,0,0,0.03,0,0,0.006,0,0,0
18946,A07,PP,0.031,0,0,0.012,0,0,0.005,0,0,0.002,0,0,0.003,0,0,0.008,0,0,0.006,0,0,0
18947,A07,PP,0.018,0,0,0.015,0,0,0.005,0,0,0.002,0,0,0.003,0,0,0.01,0,0,0.006,0,0,0
18948,A07,PP,0.004,0,0,0.004,0,0,0.007,0,0,0.003,0,0,0.004,0,0,0.024,0,0,0.006,0,0,0
18949,A07,PP,0.01,0,0,0.006,0,0,0.006,0,0,0.002,0,0,0.003,0,0,0.022,0,0,0.006,0,0,0
18950,A07,PP,0.003,0,0,0.002,0,0,0.009,0,0,0.002,0,0,0.004,0,0,0.022,0,0,0.006,0,0,0
18951,A07,PP,0.004,0,0,0.003,0,0,0.006,0,0,0.002,0,0,0.003,0,0,0.007,0,0,0.006,0,0,0
18952,A07,PP,0.008,0,0,0.005,0,0,0.007,0,0,0.002,0,0,0.004,0,0,0.01,0,0,0.006,0,0,0
18953,A07,PP,0.008,0,0,0.006,0,0,0.006,0,0,0.002,0,0,0.004,0,0,0.012,0,0,0.006,0,0,0
18954,A07,PP,0.004,0,0,0.003,0,0,0.007,0,0,0.002,0,0,0.005,0,0,0.009,0,0,0.006,0,0,0
18978,A06,PP,0.973,1,1,0.973,1,1,0.038,0,0,0.007,0,0,0.005,0,0,0.282,0,0,0.969,1,1,1
18979,A06,PP,0.941,1,1,0.941,1,1,0.011,0,0,0.003,0,0,0.002,0,0,0.295,0,0,0.951,1,1,1
18980,A06,PP,0.992,1,1,0.992,1,1,0.028,0,0,0.006,0,0,0.005,0,0,0.18,0,0,0.954,1,1,1
18981,A06,PP,0.991,1,1,0.991,1,1,0.027,0,0,0.006,0,0,0.005,0,0,0.016,0,0,0.968,1,1,1
18982,A06,PP,0.929,1,1,0.929,1,1,0.048,0,0,0.007,0,0,0.005,0,0,0.016,0,0,0.956,1,1,1
18983,A06,PP,0.984,1,1,0.984,1,1,0.027,0,0,0.006,0,0,0.005,0,0,0.181,0,0,0.969,1,1,1
18984,A06,PP,0.995,1,1,0.995,1,1,0.032,0,0,0.007,0,0,0.005,0,0,0.282,0,0,0.968,1,1,1
18985,A06,PP,0.993,1,1,0.993,1,1,0.009,0,0,0.002,0,0,0.002,0,0,0.094,0,0,0.969,1,1,1
18986,A06,PP,0.971,1,1,0.971,1,1,0.028,0,0,0.006,0,0,0.005,0,0,0.011,0,0,0.969,1,1,1
18987,A06,PP,0.971,1,1,0.971,1,1,0.026,0,0,0.007,0,0,0.005,0,0,0.101,0,0,0.968,1,1,1
18988,A06,PP,0.983,1,1,0.983,1,1,0.027,0,0,0.006,0,0,0.005,0,0,0.011,0,0,0.969,1,1,1
18989,A06,PP,0.972,1,1,0.972,1,1,0.027,0,0,0.006,0,0,0.005,0,0,0.094,0,0,0.969,1,1,1
18995,A05,PP,0.006,0,0,0.03,0,0,0.408,0,0,0.003,0,0,0.01,0,0,0.013,0,0,0.029,0,0,0
18996,A05,PP,0.006,0,0,0.03,0,0,0.407,0,0,0.003,0,0,0.01,0,0,0.013,0,0,0.029,0,0,0
18997,A05,PP,0.003,0,0,0.005,0,0,0.41,0,0,0.001,0,0,0.014,0,0,0.085,0,0,0.026,0,0,0
18998,A05,PP,0.003,0,0,0.006,0,0,0.452,0,0,0.002,0,0,0.018,0,0,0.085,0,0,0.025,0,0,0
18999,A05,PP,0.003,0,0,0.004,0,0,0.455,0,0,0.001,0,0,0.016,0,0,0.595,1,0,0.026,0,0,1
19000,A05,PP,0.003,0,0,0.005,0,0,0.637,0,0,0.001,0,0,0.011,0,0,0.065,0,0,0.026,0,0,0
19001,A05,PP,0.004,0,0,0.006,0,0,0.617,0,0,0.004,0,0,0.012,0,0,0.038,0,0,0.025,0,0,0
19002,A05,PP,0.005,0,0,0.014,0,0,0.447,0,0,0.001,0,0,0.013,0,0,0.034,0,0,0.025,0,0,0
19003,A05,PP,0.005,0,0,0.013,0,0,0.456,0,0,0.001,0,0,0.011,0,0,0.055,0,0,0.026,0,0,0
19004,A05,PP,0.003,0,0,0.005,0,0,0.446,0,0,0.002,0,0,0.015,0,0,0.085,0,0,0.026,0,0,0
19005,A05,PP,0.005,0,0,0.017,0,0,0.685,0,0,0.002,0,0,0.011,0,0,0.071,0,0,0.026,0,0,0
19006,A05,PP,0.003,0,0,0.005,0,0,0.407,0,0,0.003,0,0,0.014,0,0,0.068,0,0,0.027,0,0,0
19202,A16,ABS,0.003,0,0,0.004,0,0,0.006,0,0,0.004,0,1,0.04,0,0,0.306,0,0,0.004,0,0,0
19203,A16,ABS,0.003,0,0,0.003,0,0,0.005,0,0,0.006,0,1,0.035,0,0,0.069,0,0,0.004,0,0,0
19204,A16,ABS,0.004,0,0,0.005,0,0,0.005,0,0,0.067,1,1,0.037,0,0,0.069,0,0,0.004,0,0,1
19205,A16,ABS,0.003,0,0,0.003,0,0,0.006,0,0,0.002,0,1,0.03,0,0,0.137,0,0,0.004,0,0,0
19206,A16,ABS,0.006,0,0,0.015,0,0,0.005,0,0,0.001,0,1,0.031,0,0,0.256,0,0,0.004,0,0,0
19207,A16,ABS,0.005,0,0,0.007,0,0,0.005,0,0,0.001,0,1,0.046,0,0,0.049,0,0,0.004,0,0,0
19208,A16,ABS,0.003,0,0,0.004,0,0,0.006,0,0,0.002,0,1,0.044,0,0,0.064,0,0,0.004,0,0,0
19209,A16,ABS,0.003,0,0,0.004,0,0,0.005,0,0,0.001,0,1,0.038,0,0,0.855,1,0,0.004,0,0,1
19210,A16,ABS,0.004,0,0,0.008,0,0,0.005,0,0,0.002,0,1,0.04,0,0,0.302,0,0,0.004,0,0,0
19211,A16,ABS,0.003,0,0,0.004,0,0,0.005,0,0,0.047,1,1,0.042,0,0,0.559,1,0,0.004,0,0,1
19212,A16,ABS,0.004,0,0,0.005,0,0,0.005,0,0,0.031,1,1,0.038,0,0,0.278,0,0,0.004,0,0,1
19213,A16,ABS,0.004,0,0,0.004,0,0,0.005,0,0,0.002,0,1,0.019,0,0,0.085,0,0,0.004,0,0,0
19216,A15,ABS,0.003,0,0,0.002,0,0,0.003,0,0,0.045,1,0,0.002,0,1,0.107,0,0,0.005,0,0,1
19217,A15,ABS,0.003,0,0,0.002,0,0,0.004,0,0,0.828,1,0,0.007,0,1,0.115,0,0,0.005,0,0,1
19218,A15,ABS,0.003,0,0,0.003,0,0,0.003,0,0,0.548,1,0,0.002,0,1,0.085,0,0,0.005,0,0,1
19219,A15,ABS,0.003,0,0,0.003,0,0,0.004,0,0,0.14,1,0,0.003,0,1,0.519,1,0,0.005,0,0,1
19220,A15,ABS,0.003,0,0,0.002,0,0,0.003,0,0,0.012,0,0,0.007,0,1,0.109,0,0,0.005,0,0,0
19221,A15,ABS,0.002,0,0,0.002,0,0,0.003,0,0,0.892,1,0,0.003,0,1,0.139,0,0,0.005,0,0,1
19222,A15,ABS,0.003,0,0,0.003,0,0,0.004,0,0,0.964,1,0,0.009,0,1,0.143,0,0,0.005,0,0,1
19223,A15,ABS,0.003,0,0,0.003,0,0,0.005,0,0,0.211,1,0,0.008,0,1,0.154,0,0,0.005,0,0,1
19224,A15,ABS,0.002,0,0,0.002,0,0,0.003,0,0,0.063,1,0,0.006,0,1,0.163,0,0,0.005,0,0,1
19225,A15,ABS,0.002,0,0,0.001,0,0,0.003,0,0,0.077,1,0,0.003,0,1,0.401,0,0,0.005,0,0,1
19226,A15,ABS,0.003,0,0,0.002,0,0,0.003,0,0,0.857,1,0,0.003,0,1,0.248,0,0,0.005,0,0,1
19227,A15,ABS,0.003,0,0,0.002,0,0,0.003,0,0,0.024,0,0,0.002,0,1,0.358,0,0,0.005,0,0,0
19237,A14,ABS,0.003,0,0,0.003,0,0,0.013,0,0,0.633,1,0,0.024,0,0,0.831,1,1,0.007,0,0,1
19238,A14,ABS,0.002,0,0,0.002,0,0,0.012,0,0,0.835,1,0,0.019,0,0,0.777,1,1,0.007,0,0,1
19239,A14,ABS,0.005,0,0,0.005,0,0,0.013,0,0,0.025,0,0,0.032,0,0,0.79,1,1,0.007,0,0,1
19240,A14,ABS,0.01,0,0,0.01,0,0,0.012,0,0,0.085,1,0,0.023,0,0,0.76,1,1,0.007,0,0,1
19241,A14,ABS,0.006,0,0,0.006,0,0,0.012,0,0,0.072,1,0,0.025,0,0,0.79,1,1,0.007,0,0,1
19242,A14,ABS,0.006,0,0,0.006,0,0,0.013,0,0,0.101,1,0,0.079,1,0,0.831,1,1,0.007,0,0,1
19243,A14,ABS,0.006,0,0,0.006,0,0,0.012,0,0,0.259,1,0,0.027,0,0,0.825,1,1,0.007,0,0,1
19244,A14,ABS,0.004,0,0,0.004,0,0,0.012,0,0,0.686,1,0,0.012,0,0,0.843,1,1,0.007,0,0,1
19245,A14,ABS,0.005,0,0,0.005,0,0,0.013,0,0,0.683,1,0,0.019,0,0,0.801,1,1,0.007,0,0,1
19246,A14,ABS,0.004,0,0,0.004,0,0,0.012,0,0,0.281,1,0,0.007,0,0,0.83,1,1,0.007,0,0,1
19247,A14,ABS,0.01,0,0,0.01,0,0,0.013,0,0,0.255,1,0,0.01,0,0,0.834,1,1,0.007,0,0,1
19248,A14,ABS,0.007,0,0,0.007,0,0,0.013,0,0,0.599,1,0,0.022,0,0,0.805,1,1,0.007,0,0,1
19252,A13,ABS,0.003,0,0,0.004,0,0,0.005,0,0,0.001,0,0,0.038,0,0,0.111,0,1,0.005,0,0,0
19253,A13,ABS,0.004,0,0,0.007,0,0,0.005,0,0,0.001,0,0,0.053,1,0,0.48,1,1,0.005,0,0,1
19254,A13,ABS,0.003,0,0,0.003,0,0,0.005,0,0,0.001,0,0,0.028,0,0,0.056,0,1,0.005,0,0,0
19255,A13,ABS,0.003,0,0,0.003,0,0,0.006,0,0,0.001,0,0,0.017,0,0,0.029,0,1,0.005,0,0,0
19256,A13,ABS,0.002,0,0,0.003,0,0,0.005,0,0,0.001,0,0,0.012,0,0,0.093,0,1,0.005,0,0,0
19257,A13,ABS,0.003,0,0,0.008,0,0,0.005,0,0,0.001,0,0,0.013,0,0,0.018,0,1,0.004,0,0,0
19258,A13,ABS,0.003,0,0,0.006,0,0,0.006,0,0,0.001,0,0,0.019,0,0,0.105,0,1,0.005,0,0,0
19259,A13,ABS,0.003,0,0,0.003,0,0,0.005,0,0,0.002,0,0,0.011,0,0,0.053,0,1,0.005,0,0,0
19260,A13,ABS,0.002,0,0,0.002,0,0,0.005,0,0,0.001,0,0,0.015,0,0,0.077,0,1,0.005,0,0,0
19261,A13,ABS,0.004,0,0,0.009,0,0,0.005,0,0,0.002,0,0,0.011,0,0,0.051,0,1,0.004,0,0,0
19262,A13,ABS,0.002,0,0,0.002,0,0,0.005,0,0,0.001,0,0,0.032,0,0,0.083,0,1,0.005,0,0,0
19263,A13,ABS,0.003,0,0,0.004,0,0,0.005,0,0,0.001,0,0,0.013,0,0,0.14,0,1,0.004,0,0,0
19298,A12,ABS,0.971,1,1,0.983,1,1,0.012,0,0,0.011,0,0,0.004,0,0,0.006,0,0,0.006,0,0,1
19299,A12,ABS,0.974,1,1,0.961,1,1,0.012,0,0,0.015,0,0,0.003,0,0,0.006,0,0,0.01,0,0,1
19300,A12,ABS,0.975,1,1,0.959,1,1,0.012,0,0,0.003,0,0,0.006,0,0,0.009,0,0,0.011,0,0,1
19301,A12,ABS,0.99,1,1,0.99,1,1,0.012,0,0,0.005,0,0,0.003,0,0,0.007,0,0,0.008,0,0,1
19302,A12,ABS,0.984,1,1,0.983,1,1,0.012,0,0,0.014,0,0,0.004,0,0,0.006,0,0,0.009,0,0,1
19303,A12,ABS,0.959,1,1,0.967,1,1,0.012,0,0,0.008,0,0,0.006,0,0,0.006,0,0,0.005,0,0,1
19304,A12,ABS,0.973,1,1,0.987,1,1,0.012,0,0,0.006,0,0,0.004,0,0,0.008,0,0,0.005,0,0,1
19305,A12,ABS,0.972,1,1,0.978,1,1,0.012,0,0,0.008,0,0,0.005,0,0,0.007,0,0,0.006,0,0,1
19306,A12,ABS,0.98,1,1,0.987,1,1,0.012,0,0,0.004,0,0,0.003,0,0,0.007,0,0,0.005,0,0,1
19307,A12,ABS,0.983,1,1,0.991,1,1,0.012,0,0,0.003,0,0,0.003,0,0,0.007,0,0,0.006,0,0,1
19308,A12,ABS,0.966,1,1,0.981,1,1,0.012,0,0,0.009,0,0,0.003,0,0,0.011,0,0,0.005,0,0,1
19309,A12,ABS,0.973,1,1,0.968,1,1,0.012,0,0,0.003,0,0,0.003,0,0,0.007,0,0,0.008,0,0,1
19315,A11,ABS,0.69,0,0,0.506,1,0,0.013,0,0,0.012,0,0,0.003,0,0,0.004,0,0,0.005,0,0,1
19316,A11,ABS,0.758,0,0,0.577,1,0,0.01,0,0,0.013,0,0,0.004,0,0,0.005,0,0,0.005,0,0,1
19317,A11,ABS,0.535,0,0,0.186,0,0,0.01,0,0,0.008,0,0,0.003,0,0,0.005,0,0,0.006,0,0,0
19318,A11,ABS,0.843,0,0,0.724,1,0,0.01,0,0,0.008,0,0,0.003,0,0,0.004,0,0,0.004,0,0,1
19319,A11,ABS,0.803,0,0,0.637,1,0,0.009,0,0,0.007,0,0,0.003,0,0,0.004,0,0,0.006,0,0,1
19320,A11,ABS,0.691,0,0,0.521,1,0,0.01,0,0,0.008,0,0,0.003,0,0,0.005,0,0,0.007,0,0,1
19321,A11,ABS,0.809,0,0,0.705,1,0,0.009,0,0,0.005,0,0,0.003,0,0,0.004,0,0,0.005,0,0,1
19322,A11,ABS,0.095,0,0,0.142,0,0,0.009,0,0,0.012,0,0,0.003,0,0,0.005,0,0,0.006,0,0,0
19323,A11,ABS,0.768,0,0,0.684,1,0,0.008,0,0,0.008,0,0,0.003,0,0,0.004,0,0,0.006,0,0,1
19324,A11,ABS,0.107,0,0,0.33,0,0,0.014,0,0,0.008,0,0,0.003,0,0,0.005,0,0,0.004,0,0,0
19325,A11,ABS,0.122,0,0,0.32,0,0,0.009,0,0,0.008,0,0,0.004,0,0,0.005,0,0,0.005,0,0,0
19326,A11,ABS,0.705,0,0,0.64,1,0,0.014,0,0,0.013,0,0,0.003,0,0,0.005,0,0,0.004,0,0,1
19344,A10,ABS,0.178,0,1,0.045,0,1,0.011,0,0,0.006,0,0,0.002,0,0,0.006,0,0,0.005,0,0,0
19345,A10,ABS,0.072,0,1,0.018,0,1,0.009,0,0,0.007,0,0,0.002,0,0,0.005,0,0,0.005,0,0,0
19346,A10,ABS,0.218,0,1,0.054,0,1,0.006,0,0,0.006,0,0,0.002,0,0,0.005,0,0,0.005,0,0,0
19347,A10,ABS,0.28,0,1,0.273,0,1,0.005,0,0,0.004,0,0,0.002,0,0,0.005,0,0,0.005,0,0,0
19348,A10,ABS,0.227,0,1,0.071,0,1,0.013,0,0,0.005,0,0,0.001,0,0,0.006,0,0,0.009,0,0,0
19349,A10,ABS,0.123,0,1,0.034,0,1,0.016,0,0,0.005,0,0,0.002,0,0,0.006,0,0,0.009,0,0,0
19350,A10,ABS,0.246,0,1,0.156,0,1,0.011,0,0,0.006,0,0,0.002,0,0,0.006,0,0,0.009,0,0,0
19351,A10,ABS,0.209,0,1,0.195,0,1,0.006,0,0,0.004,0,0,0.002,0,0,0.004,0,0,0.005,0,0,0
19352,A10,ABS,0.054,0,1,0.03,0,1,0.006,0,0,0.006,0,0,0.002,0,0,0.004,0,0,0.005,0,0,0
19353,A10,ABS,0.099,0,1,0.036,0,1,0.006,0,0,0.005,0,0,0.002,0,0,0.005,0,0,0.004,0,0,0
19354,A10,ABS,0.046,0,1,0.014,0,1,0.006,0,0,0.005,0,0,0.002,0,0,0.005,0,0,0.005,0,0,0
19355,A10,ABS,0.07,0,1,0.1,0,1,0.007,0,0,0.004,0,0,0.002,0,0,0.004,0,0,0.005,0,0,0
19361,A09,ABS,0.065,0,0,0.065,0,0,0.005,0,0,0.003,0,0,0.002,0,0,0.004,0,0,0.007,0,0,0
19362,A09,ABS,0.235,0,0,0.235,0,0,0.005,0,0,0.008,0,0,0.003,0,0,0.004,0,0,0.007,0,0,0
19363,A09,ABS,0.122,0,0,0.122,0,0,0.006,0,0,0.005,0,0,0.002,0,0,0.004,0,0,0.008,0,0,0
19364,A09,ABS,0.077,0,0,0.077,0,0,0.005,0,0,0.005,0,0,0.003,0,0,0.004,0,0,0.007,0,0,0
19365,A09,ABS,0.053,0,0,0.053,0,0,0.005,0,0,0.004,0,0,0.003,0,0,0.004,0,0,0.007,0,0,0
19366,A09,ABS,0.036,0,0,0.036,0,0,0.005,0,0,0.006,0,0,0.003,0,0,0.004,0,0,0.007,0,0,0
19367,A09,ABS,0.04,0,0,0.04,0,0,0.005,0,0,0.007,0,0,0.005,0,0,0.004,0,0,0.007,0,0,0
19368,A09,ABS,0.115,0,0,0.115,0,0,0.005,0,0,0.003,0,0,0.002,0,0,0.004,0,0,0.007,0,0,0
19369,A09,ABS,0.09,0,0,0.09,0,0,0.005,0,0,0.005,0,0,0.003,0,0,0.004,0,0,0.007,0,0,0
19370,A09,ABS,0.067,0,0,0.067,0,0,0.005,0,0,0.007,0,0,0.004,0,0,0.004,0,0,0.007,0,0,0
19371,A09,ABS,0.21,0,0,0.21,0,0,0.005,0,0,0.003,0,0,0.003,0,0,0.004,0,0,0.007,0,0,0
19372,A09,ABS,0.117,0,0,0.117,0,0,0.005,0,0,0.003,0,0,0.003,0,0,0.004,0,0,0.007,0,0,0
19397,Z01,ABS,0.017,0,0,0.019,0,0,0.008,0,0,0.004,0,0,0.034,0,0,0.038,0,0,0.004,0,0,0
19398,Z01,ABS,0.02,0,0,0.022,0,0,0.007,0,0,0.006,0,0,0.034,0,0,0.038,0,0,0.005,0,0,0
19399,Z01,ABS,0.022,0,0,0.02,0,0,0.007,0,0,0.009,0,0,0.007,0,0,0.031,0,0,0.004,0,0,0
19400,Z01,ABS,0.019,0,0,0.017,0,0,0.007,0,0,0.006,0,0,0.009,0,0,0.012,0,0,0.005,0,0,0
19401,Z01,ABS,0.021,0,0,0.021,0,0,0.007,0,0,0.004,0,0,0.012,0,0,0.054,0,0,0.005,0,0,0
19402,Z01,ABS,0.016,0,0,0.017,0,0,0.008,0,0,0.004,0,0,0.007,0,0,0.012,0,0,0.004,0,0,0
19403,Z01,ABS,0.034,0,0,0.031,0,0,0.007,0,0,0.006,0,0,0.006,0,0,0.008,0,0,0.004,0,0,0
19404,Z01,ABS,0.036,0,0,0.055,0,0,0.007,0,0,0.002,0,0,0.003,0,0,0.007,0,0,0.004,0,0,0
19405,Z01,ABS,0.019,0,0,0.018,0,0,0.008,0,0,0.004,0,0,0.005,0,0,0.039,0,0,0.005,0,0,0
19406,Z01,ABS,0.039,0,0,0.053,0,0,0.008,0,0,0.003,0,0,0.008,0,0,0.011,0,0,0.004,0,0,0
19407,Z01,ABS,0.039,0,0,0.049,0,0,0.008,0,0,0.004,0,0,0.007,0,0,0.007,0,0,0.004,0,0,0
19408,Z01,ABS,0.018,0,0,0.022,0,0,0.008,0,0,0.005,0,0,0.015,0,0,0.038,0,0,0.004,0,0,0
19489,A06,ABS,0.003,0,0,0.003,0,0,0.013,0,0,0.015,0,0,0.003,0,0,0.017,0,1,0.007,0,0,0
19490,A06,ABS,0.004,0,0,0.004,0,0,0.013,0,0,0.533,1,0,0.005,0,0,0.019,0,1,0.007,0,0,1
19491,A06,ABS,0.003,0,0,0.003,0,0,0.013,0,0,0.004,0,0,0.003,0,0,0.012,0,1,0.007,0,0,0
19492,A06,ABS,0.004,0,0,0.004,0,0,0.013,0,0,0.008,0,0,0.008,0,0,0.01,0,1,0.007,0,0,0
19493,A06,ABS,0.004,0,0,0.004,0,0,0.013,0,0,0.005,0,0,0.006,0,0,0.01,0,1,0.007,0,0,0
19494,A06,ABS,0.017,0,0,0.017,0,0,0.013,0,0,0.006,0,0,0.003,0,0,0.016,0,1,0.007,0,0,0
19495,A06,ABS,0.004,0,0,0.004,0,0,0.013,0,0,0.873,1,0,0.004,0,0,0.766,1,1,0.007,0,0,1
19496,A06,ABS,0.007,0,0,0.007,0,0,0.005,0,0,0.022,0,0,0.004,0,0,0.016,0,1,0.007,0,0,0
19497,A06,ABS,0.003,0,0,0.003,0,0,0.013,0,0,0.021,0,0,0.003,0,0,0.016,0,1,0.007,0,0,0
19498,A06,ABS,0.003,0,0,0.003,0,0,0.013,0,0,0.008,0,0,0.011,0,0,0.009,0,1,0.007,0,0,0
19499,A06,ABS,0.005,0,0,0.005,0,0,0.013,0,0,0.004,0,0,0.008,0,0,0.014,0,1,0.007,0,0,0
19500,A06,ABS,0.007,0,0,0.007,0,0,0.013,0,0,0.109,1,0,0.007,0,0,0.014,0,1,0.007,0,0,1
19506,A05,ABS,0.005,0,0,0.005,0,0,0.005,0,0,0.004,0,0,0.991,1,0,0.302,0,1,0.004,0,0,1
19507,A05,ABS,0.006,0,0,0.008,0,0,0.005,0,0,0.005,0,0,0.989,1,0,0.252,0,1,0.004,0,0,1
19508,A05,ABS,0.006,0,0,0.009,0,0,0.006,0,0,0.003,0,0,0.991,1,0,0.15,0,1,0.004,0,0,1
19509,A05,ABS,0.005,0,0,0.005,0,0,0.005,0,0,0.001,0,0,0.991,1,0,0.133,0,1,0.004,0,0,1
19510,A05,ABS,0.005,0,0,0.005,0,0,0.005,0,0,0.004,0,0,0.987,1,0,0.608,1,1,0.004,0,0,1
19511,A05,ABS,0.008,0,0,0.018,0,0,0.005,0,0,0.001,0,0,0.986,1,0,0.229,0,1,0.004,0,0,1
19512,A05,ABS,0.005,0,0,0.006,0,0,0.005,0,0,0.001,0,0,0.99,1,0,0.483,1,1,0.004,0,0,1
19513,A05,ABS,0.005,0,0,0.005,0,0,0.005,0,0,0.003,0,0,0.99,1,0,0.835,1,1,0.004,0,0,1
19514,A05,ABS,0.006,0,0,0.007,0,0,0.005,0,0,0.003,0,0,0.987,1,0,0.043,0,1,0.004,0,0,1
19515,A05,ABS,0.007,0,0,0.011,0,0,0.005,0,0,0.002,0,0,0.989,1,0,0.091,0,1,0.004,0,0,1
19516,A05,ABS,0.005,0,0,0.005,0,0,0.006,0,0,0.003,0,0,0.989,1,0,0.83,1,1,0.004,0,0,1
19517,A05,ABS,0.005,0,0,0.005,0,0,0.005,0,0,0.002,0,0,0.988,1,0,0.13,0,1,0.004,0,0,1
19541,A04,ABS,0.966,1,1,0.946,1,1,0.01,0,0,0.008,0,0,0.003,0,0,0.004,0,0,0.007,0,0,1
19542,A04,ABS,0.892,1,1,0.567,1,1,0.01,0,0,0.014,0,0,0.003,0,0,0.004,0,0,0.006,0,0,1
19543,A04,ABS,0.909,1,1,0.673,1,1,0.01,0,0,0.008,0,0,0.003,0,0,0.004,0,0,0.006,0,0,1
19544,A04,ABS,0.939,1,1,0.89,1,1,0.013,0,0,0.008,0,0,0.003,0,0,0.004,0,0,0.007,0,0,1
19545,A04,ABS,0.922,1,1,0.835,1,1,0.01,0,0,0.008,0,0,0.003,0,0,0.004,0,0,0.007,0,0,1
19546,A04,ABS,0.916,1,1,0.82,1,1,0.01,0,0,0.008,0,0,0.003,0,0,0.004,0,0,0.006,0,0,1
19547,A04,ABS,0.896,1,1,0.764,1,1,0.008,0,0,0.008,0,0,0.003,0,0,0.005,0,0,0.007,0,0,1
19548,A04,ABS,0.886,1,1,0.719,1,1,0.009,0,0,0.015,0,0,0.003,0,0,0.005,0,0,0.007,0,0,1
19549,A04,ABS,0.899,1,1,0.782,1,1,0.01,0,0,0.008,0,0,0.003,0,0,0.004,0,0,0.007,0,0,1
19550,A04,ABS,0.917,1,1,0.838,1,1,0.011,0,0,0.014,0,0,0.003,0,0,0.004,0,0,0.007,0,0,1
19551,A04,ABS,0.851,1,1,0.596,1,1,0.015,0,0,0.008,0,0,0.004,0,0,0.005,0,0,0.006,0,0,1
19552,A04,ABS,0.847,1,1,0.593,1,1,0.009,0,0,0.008,0,0,0.004,0,0,0.004,0,0,0.006,0,0,1
19557,A03,ABS,0.045,0,0,0.034,0,0,0.012,0,0,0.013,0,0,0.01,0,0,0.005,0,0,0.009,0,0,0
19558,A03,ABS,0.08,0,0,0.122,0,0,0.012,0,0,0.008,0,0,0.353,1,0,0.007,0,0,0.009,0,0,1
19559,A03,ABS,0.046,0,0,0.104,0,0,0.012,0,0,0.006,0,0,0.056,1,0,0.005,0,0,0.006,0,0,1
19560,A03,ABS,0.025,0,0,0.039,0,0,0.012,0,0,0.005,0,0,0.114,1,0,0.005,0,0,0.006,0,0,1
19561,A03,ABS,0.052,0,0,0.107,0,0,0.012,0,0,0.008,0,0,0.045,0,0,0.005,0,0,0.005,0,0,0
19562,A03,ABS,0.045,0,0,0.053,0,0,0.012,0,0,0.014,0,0,0.051,1,0,0.008,0,0,0.007,0,0,1
19563,A03,ABS,0.063,0,0,0.068,0,0,0.012,0,0,0.009,0,0,0.534,1,0,0.008,0,0,0.008,0,0,1
19564,A03,ABS,0.088,0,0,0.423,1,0,0.012,0,0,0.006,0,0,0.251,1,0,0.005,0,0,0.008,0,0,1
19565,A03,ABS,0.092,0,0,0.191,0,0,0.012,0,0,0.008,0,0,0.267,1,0,0.005,0,0,0.006,0,0,1
19566,A03,ABS,0.077,0,0,0.057,0,0,0.012,0,0,0.006,0,0,0.112,1,0,0.005,0,0,0.009,0,0,1
19567,A03,ABS,0.045,0,0,0.171,0,0,0.012,0,0,0.007,0,0,0.248,1,0,0.006,0,0,0.006,0,0,1
19568,A03,ABS,0.027,0,0,0.034,0,0,0.012,0,0,0.006,0,0,0.523,1,0,0.005,0,0,0.006,0,0,1
19581,A02,ABS,0.05,0,1,0.068,0,1,0.012,0,0,0.005,0,0,0.003,0,0,0.005,0,0,0.005,0,0,0
19582,A02,ABS,0.087,0,1,0.085,0,1,0.012,0,0,0.004,0,0,0.005,0,0,0.005,0,0,0.016,0,0,0
19583,A02,ABS,0.073,0,1,0.078,0,1,0.012,0,0,0.005,0,0,0.004,0,0,0.007,0,0,0.005,0,0,0
19584,A02,ABS,0.234,0,1,0.424,1,1,0.012,0,0,0.009,0,0,0.002,0,0,0.005,0,0,0.005,0,0,1
19585,A02,ABS,0.088,0,1,0.111,0,1,0.012,0,0,0.003,0,0,0.003,0,0,0.007,0,0,0.005,0,0,0
19586,A02,ABS,0.11,0,1,0.1,0,1,0.012,0,0,0.003,0,0,0.003,0,0,0.006,0,0,0.005,0,0,0
19587,A02,ABS,0.891,1,1,0.942,1,1,0.012,0,0,0.006,0,0,0.003,0,0,0.006,0,0,0.005,0,0,1
19588,A02,ABS,0.107,0,1,0.131,0,1,0.012,0,0,0.012,0,0,0.002,0,0,0.005,0,0,0.005,0,0,0
19589,A02,ABS,0.101,0,1,0.377,1,1,0.012,0,0,0.008,0,0,0.003,0,0,0.005,0,0,0.005,0,0,1
19590,A02,ABS,0.147,0,1,0.307,0,1,0.012,0,0,0.007,0,0,0.002,0,0,0.004,0,0,0.005,0,0,0
19591,A02,ABS,0.745,0,1,0.919,1,1,0.012,0,0,0.003,0,0,0.002,0,0,0.004,0,0,0.005,0,0,1
19592,A02,ABS,0.171,0,1,0.535,1,1,0.012,0,0,0.007,0,0,0.002,0,0,0.004,0,0,0.005,0,0,1
19598,A01,ABS,0.341,0,0,0.285,0,0,0.007,0,0,0.013,0,0,0.002,0,0,0.007,0,0,0.004,0,0,0
19599,A01,ABS,0.179,0,0,0.152,0,0,0.006,0,0,0.009,0,0,0.003,0,0,0.007,0,0,0.005,0,0,0
19600,A01,ABS,0.027,0,0,0.01,0,0,0.006,0,0,0.008,0,0,0.002,0,0,0.006,0,0,0.005,0,0,0
19601,A01,ABS,0.205,0,0,0.223,0,0,0.009,0,0,0.008,0,0,0.002,0,0,0.006,0,0,0.005,0,0,0
19602,A01,ABS,0.196,0,0,0.207,0,0,0.007,0,0,0.009,0,0,0.002,0,0,0.007,0,0,0.005,0,0,0
19603,A01,ABS,0.087,0,0,0.176,0,0,0.008,0,0,0.017,0,0,0.002,0,0,0.006,0,0,0.005,0,0,0
19604,A01,ABS,0.015,0,0,0.032,0,0,0.009,0,0,0.011,0,0,0.002,0,0,0.006,0,0,0.005,0,0,0
19605,A01,ABS,0.011,0,0,0.01,0,0,0.006,0,0,0.013,0,0,0.002,0,0,0.007,0,0,0.005,0,0,0
19606,A01,ABS,0.254,0,0,0.443,1,0,0.008,0,0,0.008,0,0,0.002,0,0,0.006,0,0,0.005,0,0,1
19607,A01,ABS,0.175,0,0,0.219,0,0,0.006,0,0,0.013,0,0,0.002,0,0,0.007,0,0,0.005,0,0,0
19608,A01,ABS,0.071,0,0,0.088,0,0,0.006,0,0,0.01,0,0,0.002,0,0,0.007,0,0,0.005,0,0,0
19609,A01,ABS,0.168,0,0,0.283,0,0,0.006,0,0,0.011,0,0,0.002,0,0,0.007,0,0,0.005,0,0,0
19634,A08,ABS,0.003,0,0,0.003,0,0,0.005,0,0,0.353,1,1,0.024,0,0,0.272,0,0,0.004,0,0,1
19635,A08,ABS,0.002,0,0,0.002,0,0,0.005,0,0,0.105,1,1,0.023,0,0,0.266,0,0,0.004,0,0,1
19636,A08,ABS,0.002,0,0,0.002,0,0,0.005,0,0,0.127,1,1,0.047,1,0,0.266,0,0,0.004,0,0,1
19637,A08,ABS,0.002,0,0,0.002,0,0,0.005,0,0,0.102,1,1,0.028,0,0,0.102,0,0,0.004,0,0,1
19638,A08,ABS,0.002,0,0,0.002,0,0,0.005,0,0,0.095,1,1,0.062,1,0,0.116,0,0,0.004,0,0,1
19639,A08,ABS,0.003,0,0,0.003,0,0,0.005,0,0,0.102,1,1,0.023,0,0,0.21,0,0,0.004,0,0,1
19640,A08,ABS,0.002,0,0,0.003,0,0,0.005,0,0,0.122,1,1,0.032,0,0,0.383,0,0,0.004,0,0,1
19641,A08,ABS,0.002,0,0,0.002,0,0,0.005,0,0,0.161,1,1,0.06,1,0,0.125,0,0,0.004,0,0,1
19642,A08,ABS,0.003,0,0,0.003,0,0,0.005,0,0,0.118,1,1,0.035,0,0,0.129,0,0,0.004,0,0,1
19643,A08,ABS,0.005,0,0,0.011,0,0,0.005,0,0,0.143,1,1,0.057,1,0,0.257,0,0,0.004,0,0,1
19644,A08,ABS,0.002,0,0,0.002,0,0,0.005,0,0,0.119,1,1,0.032,0,0,0.327,0,0,0.004,0,0,1
19645,A08,ABS,0.003,0,0,0.003,0,0,0.005,0,0,0.143,1,1,0.035,0,0,0.116,0,0,0.004,0,0,1
19651,A07,ABS,0.005,0,0,0.002,0,0,0.007,0,0,0.805,1,0,0.083,1,1,0.169,0,0,0.004,0,0,1
19652,A07,ABS,0.005,0,0,0.002,0,0,0.005,0,0,0.909,1,0,0.048,1,1,0.026,0,0,0.004,0,0,1
19653,A07,ABS,0.003,0,0,0.002,0,0,0.006,0,0,0.869,1,0,0.048,1,1,0.029,0,0,0.004,0,0,1
19654,A07,ABS,0.004,0,0,0.002,0,0,0.01,0,0,0.887,1,0,0.048,1,1,0.562,1,0,0.004,0,0,1
19655,A07,ABS,0.005,0,0,0.004,0,0,0.004,0,0,0.075,1,0,0.049,1,1,0.265,0,0,0.004,0,0,1
19656,A07,ABS,0.004,0,0,0.003,0,0,0.006,0,0,0.156,1,0,0.047,1,1,0.796,1,0,0.004,0,0,1
19657,A07,ABS,0.006,0,0,0.005,0,0,0.004,0,0,0.851,1,1,0.047,1,0,0.02,0,0,0.004,0,0,1
19658,A07,ABS,0.003,0,0,0.002,0,0,0.004,0,0,0.035,1,1,0.047,0,0,0.025,0,0,0.004,0,0,1
19659,A07,ABS,0.003,0,0,0.002,0,0,0.005,0,0,0.977,1,1,0.048,1,0,0.157,0,0,0.004,0,0,1
19660,A07,ABS,0.004,0,0,0.003,0,0,0.008,0,0,0.972,1,1,0.055,1,0,0.025,0,0,0.004,0,0,1
19661,A07,ABS,0.005,0,0,0.004,0,0,0.004,0,0,0.87,1,1,0.181,1,0,0.025,0,0,0.004,0,0,1
19662,A07,ABS,0.004,0,0,0.002,0,0,0.004,0,0,0.109,1,1,0.047,0,0,0.023,0,0,0.004,0,0,1
331,A20,PP,0.01,0,1,0.01,0,0,0.009,0,0,0.003,0,0,0.001,0,0,0.002,0,0,0.012,0,1,0
332,A20,PP,0.008,0,1,0.008,0,0,0.009,0,0,0.003,0,0,0.001,0,0,0.002,0,0,0.012,0,1,0
333,A20,PP,0.011,0,1,0.011,0,0,0.005,0,0,0.003,0,0,0.001,0,0,0.002,0,0,0.012,0,1,0
334,A20,PP,0.008,0,1,0.008,0,0,0.009,0,0,0.003,0,0,0.001,0,0,0.002,0,0,0.012,0,1,0
335,A20,PP,0.009,0,1,0.009,0,0,0.005,0,0,0.003,0,0,0.001,0,0,0.002,0,0,0.012,0,1,0
336,A20,PP,0.011,0,1,0.011,0,0,0.005,0,0,0.003,0,0,0.001,0,0,0.002,0,0,0.012,0,1,0
337,A20,PP,0.011,0,1,0.011,0,0,0.009,0,0,0.003,0,0,0.001,0,0,0.002,0,0,0.012,0,1,0
338,A20,PP,0.011,0,1,0.011,0,0,0.009,0,0,0.003,0,0,0.001,0,0,0.002,0,0,0.012,0,1,0
339,A20,PP,0.104,0,1,0.104,0,0,0.007,0,0,0.011,0,0,0.001,0,0,0.004,0,0,0.023,0,1,0
340,A20,PP,0.132,0,1,0.132,0,0,0.005,0,0,0.003,0,0,0.001,0,0,0.004,0,0,0.02,0,1,0
341,A20,PP,0.011,0,1,0.011,0,0,0.009,0,0,0.003,0,0,0.001,0,0,0.002,0,0,0.012,0,1,0
342,A20,PP,0.008,0,1,0.008,0,0,0.009,0,0,0.003,0,0,0.001,0,0,0.002,0,0,0.012,0,1,0
358,A22,PP,0.055,0,0,0.055,0,0,0.004,0,0,0.011,0,0,0.003,0,0,0.004,0,0,0.007,0,0,0
359,A22,PP,0.005,0,0,0.005,0,0,0.004,0,0,0.005,0,0,0.003,0,0,0.002,0,0,0.007,0,0,0
360,A22,PP,0.005,0,0,0.005,0,0,0.004,0,0,0.005,0,0,0.003,0,0,0.002,0,0,0.007,0,0,0
361,A22,PP,0.006,0,0,0.006,0,0,0.004,0,0,0.003,0,0,0.003,0,0,0.002,0,0,0.007,0,0,0
362,A22,PP,0.006,0,0,0.006,0,0,0.004,0,0,0.003,0,0,0.003,0,0,0.002,0,0,0.007,0,0,0
363,A22,PP,0.005,0,0,0.005,0,0,0.004,0,0,0.005,0,0,0.003,0,0,0.002,0,0,0.007,0,0,0
364,A22,PP,0.005,0,0,0.005,0,0,0.004,0,0,0.005,0,0,0.003,0,0,0.002,0,0,0.007,0,0,0
365,A22,PP,0.005,0,0,0.005,0,0,0.004,0,0,0.005,0,0,0.003,0,0,0.002,0,0,0.007,0,0,0
366,A22,PP,0.005,0,0,0.005,0,0,0.004,0,0,0.005,0,0,0.003,0,0,0.002,0,0,0.007,0,0,0
367,A22,PP,0.005,0,0,0.005,0,0,0.004,0,0,0.005,0,0,0.003,0,0,0.002,0,0,0.007,0,0,0
368,A22,PP,0.006,0,0,0.006,0,0,0.004,0,0,0.003,0,0,0.003,0,0,0.002,0,0,0.007,0,0,0
369,A22,PP,0.006,0,0,0.006,0,0,0.004,0,0,0.003,0,0,0.003,0,0,0.002,0,0,0.007,0,0,0
391,A21,PP,0.063,0,0,0.003,0,0,0.003,0,0,0.004,0,0,0.001,0,0,0.002,0,0,0.928,1,0,1
392,A21,PP,0.066,0,0,0.003,0,0,0.003,0,0,0.004,0,0,0.001,0,0,0.002,0,0,0.96,1,0,1
393,A21,PP,0.132,0,0,0.003,0,0,0.003,0,0,0.004,0,0,0.001,0,0,0.002,0,0,0.938,1,0,1
394,A21,PP,0.118,0,0,0.003,0,0,0.003,0,0,0.004,0,0,0.001,0,0,0.002,0,0,0.95,1,0,1
395,A21,PP,0.445,0,0,0.005,0,0,0.004,0,0,0.002,0,0,0.001,0,0,0.002,0,0,0.965,1,0,1
396,A21,PP,0.484,0,0,0.005,0,0,0.004,0,0,0.002,0,0,0.001,0,0,0.002,0,0,0.952,1,0,1
397,A21,PP,0.1,0,0,0.003,0,0,0.003,0,0,0.004,0,0,0.001,0,0,0.002,0,0,0.945,1,0,1
398,A21,PP,0.136,0,0,0.003,0,0,0.003,0,0,0.004,0,0,0.001,0,0,0.002,0,0,0.954,1,0,1
399,A21,PP,0.124,0,0,0.004,0,0,0.003,0,0,0.004,0,0,0.001,0,0,0.002,0,0,0.961,1,0,1
400,A21,PP,0.052,0,0,0.003,0,0,0.003,0,0,0.004,0,0,0.001,0,0,0.002,0,0,0.961,1,0,1
401,A21,PP,0.044,0,0,0.003,0,0,0.003,0,0,0.004,0,0,0.001,0,0,0.002,0,0,0.957,1,0,1
402,A21,PP,0.07,0,0,0.003,0,0,0.003,0,0,0.004,0,0,0.001,0,0,0.002,0,0,0.954,1,0,1
430,A23,PP,0.007,0,0,0.005,0,0,0.002,0,0,0.002,0,0,0.008,0,0,0.001,0,0,0.004,0,0,0
431,A23,PP,0.006,0,0,0.005,0,0,0.002,0,0,0.002,0,0,0.008,0,0,0.001,0,0,0.005,0,0,0
432,A23,PP,0.009,0,0,0.005,0,0,0.002,0,0,0.002,0,0,0.008,0,0,0.001,0,0,0.005,0,0,0
433,A23,PP,0.009,0,0,0.005,0,0,0.002,0,0,0.002,0,0,0.008,0,0,0.001,0,0,0.004,0,0,0
434,A23,PP,0.009,0,0,0.005,0,0,0.002,0,0,0.002,0,0,0.008,0,0,0.001,0,0,0.005,0,0,0
435,A23,PP,0.009,0,0,0.005,0,0,0.002,0,0,0.002,0,0,0.008,0,0,0.001,0,0,0.004,0,0,0
436,A23,PP,0.006,0,0,0.005,0,0,0.002,0,0,0.002,0,0,0.008,0,0,0.001,0,0,0.004,0,0,0
437,A23,PP,0.006,0,0,0.005,0,0,0.002,0,0,0.002,0,0,0.008,0,0,0.001,0,0,0.004,0,0,0
438,A23,PP,0.005,0,0,0.005,0,0,0.002,0,0,0.002,0,0,0.008,0,0,0.001,0,0,0.004,0,0,0
439,A23,PP,0.005,0,0,0.005,0,0,0.002,0,0,0.002,0,0,0.008,0,0,0.001,0,0,0.004,0,0,0
440,A23,PP,0.007,0,0,0.005,0,0,0.002,0,0,0.002,0,0,0.008,0,0,0.001,0,0,0.004,0,0,0
441,A23,PP,0.006,0,0,0.005,0,0,0.002,0,0,0.002,0,0,0.008,0,0,0.001,0,0,0.005,0,0,0
455,A26,PP,0.036,0,0,0.024,0,0,0.009,0,0,0.003,0,0,0.005,0,0,0.004,0,0,0.033,0,0,0
456,A26,PP,0.036,0,0,0.024,0,0,0.01,0,0,0.003,0,0,0.005,0,0,0.004,0,0,0.033,0,0,0
457,A26,PP,0.036,0,0,0.024,0,0,0.01,0,0,0.003,0,0,0.005,0,0,0.004,0,0,0.032,0,0,0
458,A26,PP,0.036,0,0,0.024,0,0,0.01,0,0,0.003,0,0,0.005,0,0,0.004,0,0,0.033,0,0,0
459,A26,PP,0.036,0,0,0.024,0,0,0.01,0,0,0.003,0,0,0.005,0,0,0.004,0,0,0.033,0,0,0
460,A26,PP,0.038,0,0,0.024,0,0,0.01,0,0,0.003,0,0,0.005,0,0,0.004,0,0,0.032,0,0,0
461,A26,PP,0.036,0,0,0.024,0,0,0.01,0,0,0.003,0,0,0.005,0,0,0.004,0,0,0.033,0,0,0
462,A26,PP,0.036,0,0,0.024,0,0,0.01,0,0,0.003,0,0,0.005,0,0,0.004,0,0,0.033,0,0,0
463,A26,PP,0.037,0,0,0.024,0,0,0.01,0,0,0.003,0,0,0.005,0,0,0.004,0,0,0.032,0,0,0
464,A26,PP,0.035,0,0,0.024,0,0,0.01,0,0,0.003,0,0,0.005,0,0,0.004,0,0,0.032,0,0,0
465,A26,PP,0.036,0,0,0.024,0,0,0.01,0,0,0.003,0,0,0.005,0,0,0.004,0,0,0.032,0,0,0
466,A26,PP,0.037,0,0,0.024,0,0,0.01,0,0,0.003,0,0,0.005,0,0,0.004,0,0,0.032,0,0,0
481,A25,PP,0.006,0,0,0.004,0,0,0.003,0,0,0.005,0,0,0.001,0,0,0.002,0,0,0.025,0,0,0
482,A25,PP,0.006,0,0,0.004,0,0,0.003,0,0,0.004,0,0,0.001,0,0,0.002,0,0,0.024,0,0,0
483,A25,PP,0.006,0,0,0.004,0,0,0.003,0,0,0.004,0,0,0.001,0,0,0.002,0,0,0.024,0,0,0
484,A25,PP,0.006,0,0,0.004,0,0,0.003,0,0,0.004,0,0,0.001,0,0,0.002,0,0,0.025,0,0,0
485,A25,PP,0.006,0,0,0.004,0,0,0.003,0,0,0.004,0,0,0.001,0,0,0.002,0,0,0.027,0,0,0
486,A25,PP,0.006,0,0,0.004,0,0,0.003,0,0,0.004,0,0,0.001,0,0,0.002,0,0,0.024,0,0,0
487,A25,PP,0.007,0,0,0.004,0,0,0.003,0,0,0.004,0,0,0.001,0,0,0.002,0,0,0.028,0,0,0
488,A25,PP,0.006,0,0,0.004,0,0,0.003,0,0,0.004,0,0,0.001,0,0,0.002,0,0,0.022,0,0,0
489,A25,PP,0.006,0,0,0.004,0,0,0.003,0,0,0.004,0,0,0.001,0,0,0.002,0,0,0.024,0,0,0
490,A25,PP,0.006,0,0,0.004,0,0,0.003,0,0,0.004,0,0,0.001,0,0,0.002,0,0,0.024,0,0,0
491,A25,PP,0.006,0,0,0.004,0,0,0.003,0,0,0.004,0,0,0.001,0,0,0.002,0,0,0.025,0,0,0
492,A25,PP,0.006,0,0,0.004,0,0,0.003,0,0,0.004,0,0,0.001,0,0,0.002,0,0,0.023,0,0,0
509,A24,PP,0.005,0,0,0.005,0,0,0.002,0,0,0.002,0,0,0.006,0,0,0.001,0,0,0.004,0,0,0
510,A24,PP,0.005,0,0,0.005,0,0,0.002,0,0,0.002,0,0,0.006,0,0,0.001,0,0,0.004,0,0,0
511,A24,PP,0.005,0,0,0.004,0,0,0.002,0,0,0.002,0,0,0.006,0,0,0.001,0,0,0.004,0,0,0
512,A24,PP,0.005,0,0,0.004,0,0,0.002,0,0,0.002,0,0,0.006,0,0,0.001,0,0,0.004,0,0,0
513,A24,PP,0.005,0,0,0.004,0,0,0.002,0,0,0.002,0,0,0.006,0,0,0.001,0,0,0.004,0,0,0
514,A24,PP,0.005,0,0,0.004,0,0,0.002,0,0,0.002,0,0,0.006,0,0,0.001,0,0,0.004,0,0,0
515,A24,PP,0.005,0,0,0.005,0,0,0.002,0,0,0.002,0,0,0.006,0,0,0.001,0,0,0.004,0,0,0
516,A24,PP,0.004,0,0,0.004,0,0,0.002,0,0,0.002,0,0,0.006,0,0,0.001,0,0,0.004,0,0,0
517,A24,PP,0.005,0,0,0.005,0,0,0.002,0,0,0.002,0,0,0.006,0,0,0.001,0,0,0.004,0,0,0
518,A24,PP,0.005,0,0,0.004,0,0,0.002,0,0,0.002,0,0,0.006,0,0,0.001,0,0,0.004,0,0,0
519,A24,PP,0.005,0,0,0.004,0,0,0.002,0,0,0.002,0,0,0.006,0,0,0.001,0,0,0.004,0,0,0
520,A24,PP,0.005,0,0,0.004,0,0,0.002,0,0,0.002,0,0,0.006,0,0,0.001,0,0,0.004,0,0,0
560,A31,PP,0.003,0,0,0.003,0,0,0.003,0,0,0.003,0,0,0.003,0,0,0.002,0,0,0.007,0,0,0
561,A31,PP,0.003,0,0,0.003,0,0,0.003,0,0,0.003,0,0,0.003,0,0,0.002,0,0,0.007,0,0,0
562,A31,PP,0.003,0,0,0.003,0,0,0.003,0,0,0.003,0,0,0.003,0,0,0.002,0,0,0.007,0,0,0
563,A31,PP,0.003,0,0,0.003,0,0,0.003,0,0,0.003,0,0,0.003,0,0,0.002,0,0,0.007,0,0,0
564,A31,PP,0.003,0,0,0.003,0,0,0.003,0,0,0.003,0,0,0.003,0,0,0.002,0,0,0.007,0,0,0
565,A31,PP,0.003,0,0,0.003,0,0,0.003,0,0,0.003,0,0,0.003,0,0,0.002,0,0,0.007,0,0,0
566,A31,PP,0.003,0,0,0.003,0,0,0.003,0,0,0.003,0,0,0.003,0,0,0.002,0,0,0.007,0,0,0
567,A31,PP,0.003,0,0,0.003,0,0,0.003,0,0,0.003,0,0,0.003,0,0,0.002,0,0,0.007,0,0,0
568,A31,PP,0.003,0,0,0.003,0,0,0.003,0,0,0.003,0,0,0.003,0,0,0.002,0,0,0.007,0,0,0
569,A31,PP,0.003,0,0,0.003,0,0,0.003,0,0,0.003,0,0,0.003,0,0,0.002,0,0,0.007,0,0,0
570,A31,PP,0.003,0,0,0.003,0,0,0.003,0,0,0.003,0,0,0.003,0,0,0.002,0,0,0.007,0,0,0
571,A31,PP,0.003,0,0,0.003,0,0,0.003,0,0,0.003,0,0,0.003,0,0,0.002,0,0,0.007,0,0,0
597,A30,PP,0.007,0,0,0.003,0,0,0.003,0,0,0.002,0,0,0.004,0,0,0.004,0,0,0.012,0,0,0
598,A30,PP,0.007,0,0,0.004,0,0,0.003,0,0,0.002,0,0,0.004,0,0,0.004,0,0,0.004,0,0,0
599,A30,PP,0.004,0,0,0.004,0,0,0.003,0,0,0.002,0,0,0.004,0,0,0.001,0,0,0.002,0,0,0
600,A30,PP,0.002,0,0,0.002,0,0,0.003,0,0,0.002,0,0,0.004,0,0,0.001,0,0,0.002,0,0,0
601,A30,PP,0.003,0,0,0.004,0,0,0.003,0,0,0.002,0,0,0.004,0,0,0.001,0,0,0.002,0,0,0
602,A30,PP,0.002,0,0,0.002,0,0,0.003,0,0,0.002,0,0,0.004,0,0,0.001,0,0,0.002,0,0,0
603,A30,PP,0.003,0,0,0.004,0,0,0.003,0,0,0.002,0,0,0.004,0,0,0.001,0,0,0.002,0,0,0
604,A30,PP,0.003,0,0,0.004,0,0,0.003,0,0,0.002,0,0,0.004,0,0,0.001,0,0,0.002,0,0,0
605,A30,PP,0.002,0,0,0.003,0,0,0.003,0,0,0.002,0,0,0.004,0,0,0.001,0,0,0.002,0,0,0
606,A30,PP,0.004,0,0,0.004,0,0,0.003,0,0,0.002,0,0,0.004,0,0,0.001,0,0,0.002,0,0,0
607,A30,PP,0.003,0,0,0.004,0,0,0.003,0,0,0.002,0,0,0.004,0,0,0.001,0,0,0.002,0,0,0
608,A30,PP,0.002,0,0,0.002,0,0,0.003,0,0,0.002,0,0,0.004,0,0,0.001,0,0,0.002,0,0,0
640,A27,PP,0.015,0,0,0.011,0,0,0.008,0,0,0.001,0,0,0.001,0,0,0.002,0,0,0.009,0,0,0
641,A27,PP,0.014,0,0,0.011,0,0,0.008,0,0,0.001,0,0,0.001,0,0,0.002,0,0,0.016,0,0,0
642,A27,PP,0.093,0,0,0.032,0,0,0.008,0,0,0.001,0,0,0.001,0,0,0.002,0,0,0.015,0,0,0
643,A27,PP,0.015,0,0,0.011,0,0,0.008,0,0,0.001,0,0,0.001,0,0,0.002,0,0,0.014,0,0,0
644,A27,PP,0.025,0,0,0.011,0,0,0.008,0,0,0.001,0,0,0.001,0,0,0.002,0,0,0.009,0,0,0
645,A27,PP,0.013,0,0,0.011,0,0,0.008,0,0,0.001,0,0,0.001,0,0,0.002,0,0,0.008,0,0,0
646,A27,PP,0.026,0,0,0.011,0,0,0.008,0,0,0.001,0,0,0.001,0,0,0.002,0,0,0.009,0,0,0
647,A27,PP,0.015,0,0,0.011,0,0,0.008,0,0,0.001,0,0,0.001,0,0,0.002,0,0,0.009,0,0,0
648,A27,PP,0.029,0,0,0.011,0,0,0.008,0,0,0.001,0,0,0.001,0,0,0.002,0,0,0.009,0,0,0
649,A27,PP,0.014,0,0,0.011,0,0,0.008,0,0,0.001,0,0,0.001,0,0,0.002,0,0,0.014,0,0,0
650,A27,PP,0.012,0,0,0.011,0,0,0.008,0,0,0.001,0,0,0.001,0,0,0.002,0,0,0.015,0,0,0
651,A27,PP,0.013,0,0,0.011,0,0,0.008,0,0,0.001,0,0,0.001,0,0,0.002,0,0,0.01,0,0,0
664,A28,PP,0.055,0,0,0.006,0,0,0.006,0,0,0.002,0,0,0.001,0,0,0.002,0,0,0.098,0,0,0
665,A28,PP,0.034,0,0,0.005,0,0,0.01,0,0,0.002,0,0,0.001,0,0,0.002,0,0,0.11,0,0,0
666,A28,PP,0.052,0,0,0.006,0,0,0.01,0,0,0.002,0,0,0.001,0,0,0.002,0,0,0.098,0,0,0
667,A28,PP,0.023,0,0,0.005,0,0,0.006,0,0,0.002,0,0,0.001,0,0,0.002,0,0,0.071,0,0,0
668,A28,PP,0.041,0,0,0.005,0,0,0.01,0,0,0.002,0,0,0.001,0,0,0.002,0,0,0.071,0,0,0
669,A28,PP,0.025,0,0,0.005,0,0,0.01,0,0,0.002,0,0,0.001,0,0,0.002,0,0,0.071,0,0,0
670,A28,PP,0.033,0,0,0.006,0,0,0.01,0,0,0.002,0,0,0.001,0,0,0.002,0,0,0.073,0,0,0
671,A28,PP,0.025,0,0,0.006,0,0,0.01,0,0,0.002,0,0,0.001,0,0,0.002,0,0,0.067,0,0,0
672,A28,PP,0.042,0,0,0.005,0,0,0.01,0,0,0.002,0,0,0.001,0,0,0.002,0,0,0.069,0,0,0
673,A28,PP,0.031,0,0,0.005,0,0,0.01,0,0,0.002,0,0,0.001,0,0,0.002,0,0,0.067,0,0,0
674,A28,PP,0.032,0,0,0.004,0,0,0.01,0,0,0.002,0,0,0.001,0,0,0.002,0,0,0.071,0,0,0
675,A28,PP,0.027,0,0,0.005,0,0,0.01,0,0,0.002,0,0,0.001,0,0,0.002,0,0,0.071,0,0,0
688,A29,PP,0.787,0,0,0.256,0,0,0.063,0,0,0.003,0,0,0.003,0,0,0.003,0,0,0.056,0,0,0
689,A29,PP,0.827,0,0,0.256,0,0,0.063,0,0,0.003,0,0,0.003,0,0,0.003,0,0,0.056,0,0,0
690,A29,PP,0.788,0,0,0.261,0,0,0.063,0,0,0.003,0,0,0.003,0,0,0.003,0,0,0.055,0,0,0
691,A29,PP,0.825,0,0,0.261,0,0,0.063,0,0,0.003,0,0,0.003,0,0,0.003,0,0,0.056,0,0,0
692,A29,PP,0.835,0,0,0.261,0,0,0.063,0,0,0.003,0,0,0.003,0,0,0.003,0,0,0.056,0,0,0
693,A29,PP,0.825,0,0,0.261,0,0,0.063,0,0,0.003,0,0,0.003,0,0,0.003,0,0,0.056,0,0,0
694,A29,PP,0.788,0,0,0.261,0,0,0.063,0,0,0.003,0,0,0.003,0,0,0.003,0,0,0.056,0,0,0
695,A29,PP,0.818,0,0,0.256,0,0,0.063,0,0,0.003,0,0,0.003,0,0,0.003,0,0,0.056,0,0,0
696,A29,PP,0.796,0,0,0.261,0,0,0.063,0,0,0.003,0,0,0.003,0,0,0.003,0,0,0.056,0,0,0
697,A29,PP,0.834,0,0,0.261,0,0,0.063,0,0,0.003,0,0,0.003,0,0,0.003,0,0,0.055,0,0,0
698,A29,PP,0.779,0,0,0.261,0,0,0.063,0,0,0.003,0,0,0.003,0,0,0.003,0,0,0.055,0,0,0
699,A29,PP,0.788,0,0,0.261,0,0,0.063,0,0,0.003,0,0,0.003,0,0,0.003,0,0,0.056,0,0,0
711,A32,PP,0.516,0,0,0.198,0,0,0.231,0,1,0.002,0,0,0.003,0,0,0.002,0,0,0.053,0,0,0
712,A32,PP,0.375,0,0,0.198,0,0,0.231,0,1,0.002,0,0,0.003,0,0,0.002,0,0,0.056,0,0,0
713,A32,PP,0.351,0,0,0.183,0,0,0.287,0,1,0.002,0,0,0.003,0,0,0.002,0,0,0.045,0,0,0
714,A32,PP,0.509,0,0,0.198,0,0,0.231,0,1,0.002,0,0,0.003,0,0,0.002,0,0,0.053,0,0,0
715,A32,PP,0.775,0,0,0.54,1,0,0.231,0,1,0.002,0,0,0.003,0,0,0.002,0,0,0.054,0,0,1
716,A32,PP,0.756,0,0,0.54,1,0,0.225,0,1,0.002,0,0,0.003,0,0,0.002,0,0,0.046,0,0,1
717,A32,PP,0.957,1,0,0.813,1,0,0.197,0,1,0.002,0,0,0.003,0,0,0.004,0,0,0.072,0,0,1
718,A32,PP,0.663,0,0,0.54,1,0,0.231,0,1,0.002,0,0,0.003,0,0,0.002,0,0,0.054,0,0,1
719,A32,PP,0.955,1,0,0.81,1,0,0.189,0,1,0.002,0,0,0.003,0,0,0.002,0,0,0.059,0,0,1
720,A32,PP,0.689,0,0,0.54,1,0,0.231,0,1,0.002,0,0,0.003,0,0,0.002,0,0,0.054,0,0,1
721,A32,PP,0.679,0,0,0.54,1,0,0.214,0,1,0.002,0,0,0.003,0,0,0.002,0,0,0.048,0,0,1
722,A32,PP,0.948,1,0,0.801,1,0,0.168,0,1,0.002,0,0,0.003,0,0,0.002,0,0,0.054,0,0,1
